<?xml version="1.0" encoding="UTF-8"?>
<project-private xmlns="http://www.netbeans.org/ns/project-private/1">
    <editor-bookmarks xmlns="http://www.netbeans.org/ns/editor-bookmarks/2" lastBookmarkId="0"/>
    <open-files xmlns="http://www.netbeans.org/ns/projectui-open-files/2">
        <group>
            <file>file:/C:/Users/Chyet/SkyDrive/Master%20Thesis/Java/Branch%202%20JNI%20v0.4/EISBW/src/eisbw/BWAPIBridge.java</file>
            <file>file:/C:/Users/Chyet/SkyDrive/Master%20Thesis/Java/Branch%202%20JNI%20v0.4/EISBW/src/eisbw/actions/Attack.java</file>
        </group>
    </open-files>
</project-private>
